{
  "RMSE": 0.25608058155284463,
  "MAE": 0.13250253969794248,
  "R2": 0.9832457810876795
}